{"cameraMode":{"drawMode":0,"name":"Shaded","section":"Shading Mode"},"sceneLighting":true,"audioPlay":false,"sceneViewState":{"m_AlwaysRefresh":false,"showFog":true,"showSkybox":true,"showFlares":true,"showImageEffects":true,"showParticleSystems":true,"showVisualEffectGraphs":true,"m_FxEnabled":true},"in2DMode":false,"pivot":{"x":337.07501220703127,"y":338.9371337890625,"z":-114.01249694824219},"rotation":{"x":0.12134204804897309,"y":0.22113943099975587,"z":-0.027839604765176774,"w":0.9673142433166504},"size":512.707763671875,"orthographic":true}